{
  "n_classes": 198,
  "n_candidates": 29,
  "candidates": {
    "Lichen_Simplex_Chronicus": {
      "precision": 0.0,
      "recall": 0.0,
      "f1": 0.0,
      "support": 5
    },
    "Nummular_Eczema": {
      "precision": 0.0,
      "recall": 0.0,
      "f1": 0.0,
      "support": 7
    },
    "Pityriasis_Rosea": {
      "precision": 0.0,
      "recall": 0.0,
      "f1": 0.0,
      "support": 5
    },
    "Radiodermatitis": {
      "precision": 0.0,
      "recall": 0.0,
      "f1": 0.0,
      "support": 5
    },
    "Benign_Keratosis": {
      "precision": 0.0,
      "recall": 0.0,
      "f1": 0.0,
      "support": 9
    },
    "Dysplastic_Nevus": {
      "precision": 0.3333333333333333,
      "recall": 0.1111111111111111,
      "f1": 0.1666666666666666,
      "support": 9
    },
    "Bowen's_Disease": {
      "precision": 0.2,
      "recall": 0.1111111111111111,
      "f1": 0.1428571428571428,
      "support": 9
    },
    "Eczema": {
      "precision": 0.3333333333333333,
      "recall": 0.1111111111111111,
      "f1": 0.1666666666666666,
      "support": 9
    },
    "Compound_Nevus": {
      "precision": 0.2,
      "recall": 0.1111111111111111,
      "f1": 0.1428571428571428,
      "support": 9
    },
    "Drug_Eruption": {
      "precision": 0.1111111111111111,
      "recall": 0.1111111111111111,
      "f1": 0.1111111111111111,
      "support": 9
    },
    "Nail_Psoriasis": {
      "precision": 0.1428571428571428,
      "recall": 0.125,
      "f1": 0.1333333333333333,
      "support": 8
    },
    "Scar": {
      "precision": 0.5,
      "recall": 0.125,
      "f1": 0.2,
      "support": 8
    },
    "Milia": {
      "precision": 0.3333333333333333,
      "recall": 0.1428571428571428,
      "f1": 0.2,
      "support": 7
    },
    "Leukonychia": {
      "precision": 0.5,
      "recall": 0.2,
      "f1": 0.2857142857142857,
      "support": 5
    },
    "Allergic_Contact_Dermatitis": {
      "precision": 0.5,
      "recall": 0.2222222222222222,
      "f1": 0.3076923076923077,
      "support": 9
    },
    "Blue_Nevus": {
      "precision": 0.125,
      "recall": 0.2222222222222222,
      "f1": 0.16,
      "support": 9
    },
    "Seborrheic_Dermatitis": {
      "precision": 0.4,
      "recall": 0.2222222222222222,
      "f1": 0.2857142857142857,
      "support": 9
    },
    "Lichen_Sclerosis_Et_Atrophicus": {
      "precision": 1.0,
      "recall": 0.25,
      "f1": 0.4,
      "support": 8
    },
    "Lichen_Planus": {
      "precision": 0.3333333333333333,
      "recall": 0.25,
      "f1": 0.2857142857142857,
      "support": 8
    },
    "Fixed_Drug_Eruption": {
      "precision": 0.5,
      "recall": 0.3333333333333333,
      "f1": 0.4,
      "support": 6
    },
    "Ichthyosis": {
      "precision": 0.6,
      "recall": 0.3333333333333333,
      "f1": 0.4285714285714285,
      "support": 9
    },
    "Actinic_solar_Damage(Actinic_Keratosis)": {
      "precision": 0.375,
      "recall": 0.3333333333333333,
      "f1": 0.3529411764705882,
      "support": 9
    },
    "Lymphocytic_Infiltrate_of_Jessner": {
      "precision": 0.75,
      "recall": 0.375,
      "f1": 0.5,
      "support": 8
    },
    "Junction_Nevus": {
      "precision": 0.3333333333333333,
      "recall": 0.4,
      "f1": 0.3636363636363636,
      "support": 5
    },
    "Exfoliative_Erythroderma": {
      "precision": 0.3333333333333333,
      "recall": 0.4,
      "f1": 0.3636363636363636,
      "support": 5
    },
    "Tinea_Versicolor": {
      "precision": 0.5714285714285714,
      "recall": 0.4444444444444444,
      "f1": 0.5,
      "support": 9
    },
    "Angioma": {
      "precision": 0.5714285714285714,
      "recall": 0.4444444444444444,
      "f1": 0.5,
      "support": 9
    },
    "Malignant_Melanoma": {
      "precision": 0.5714285714285714,
      "recall": 0.4444444444444444,
      "f1": 0.5,
      "support": 9
    },
    "Factitial_Dermatitis": {
      "precision": 0.6666666666666666,
      "recall": 0.4444444444444444,
      "f1": 0.5333333333333333,
      "support": 9
    }
  }
}