{
  "accuracy": 0.8351648351648352,
  "top3_accuracy": 0.989010989010989,
  "classification_report": {
    "0": {
      "precision": 0.6666666666666666,
      "recall": 0.6,
      "f1-score": 0.631578947368421,
      "support": 10.0
    },
    "1": {
      "precision": 1.0,
      "recall": 1.0,
      "f1-score": 1.0,
      "support": 11.0
    },
    "2": {
      "precision": 1.0,
      "recall": 1.0,
      "f1-score": 1.0,
      "support": 10.0
    },
    "3": {
      "precision": 0.75,
      "recall": 0.9,
      "f1-score": 0.8181818181818182,
      "support": 10.0
    },
    "4": {
      "precision": 0.75,
      "recall": 0.9,
      "f1-score": 0.8181818181818182,
      "support": 10.0
    },
    "5": {
      "precision": 0.75,
      "recall": 0.6,
      "f1-score": 0.6666666666666666,
      "support": 10.0
    },
    "6": {
      "precision": 0.625,
      "recall": 0.5,
      "f1-score": 0.5555555555555556,
      "support": 10.0
    },
    "7": {
      "precision": 1.0,
      "recall": 1.0,
      "f1-score": 1.0,
      "support": 10.0
    },
    "8": {
      "precision": 0.9090909090909091,
      "recall": 1.0,
      "f1-score": 0.9523809523809523,
      "support": 10.0
    },
    "accuracy": 0.8351648351648352,
    "macro avg": {
      "precision": 0.8278619528619529,
      "recall": 0.8333333333333334,
      "f1-score": 0.8269495287039148,
      "support": 91.0
    },
    "weighted avg": {
      "precision": 0.8297535797535797,
      "recall": 0.8351648351648352,
      "f1-score": 0.8288511822346408,
      "support": 91.0
    }
  },
  "confusion_matrix": [
    [
      6,
      0,
      0,
      2,
      0,
      0,
      2,
      0,
      0
    ],
    [
      0,
      11,
      0,
      0,
      0,
      0,
      0,
      0,
      0
    ],
    [
      0,
      0,
      10,
      0,
      0,
      0,
      0,
      0,
      0
    ],
    [
      0,
      0,
      0,
      9,
      0,
      0,
      0,
      0,
      1
    ],
    [
      0,
      0,
      0,
      0,
      9,
      1,
      0,
      0,
      0
    ],
    [
      0,
      0,
      0,
      0,
      3,
      6,
      1,
      0,
      0
    ],
    [
      3,
      0,
      0,
      1,
      0,
      1,
      5,
      0,
      0
    ],
    [
      0,
      0,
      0,
      0,
      0,
      0,
      0,
      10,
      0
    ],
    [
      0,
      0,
      0,
      0,
      0,
      0,
      0,
      0,
      10
    ]
  ],
  "roc_auc_macro": 0.9814814814814814
}