{
  "accuracy": 0.8283433133732535,
  "top3_accuracy": 0.9820359281437125,
  "classification_report": {
    "0": {
      "precision": 0.6122448979591837,
      "recall": 0.6122448979591837,
      "f1-score": 0.6122448979591837,
      "support": 49.0
    },
    "1": {
      "precision": 0.6868686868686869,
      "recall": 0.8831168831168831,
      "f1-score": 0.7727272727272727,
      "support": 77.0
    },
    "2": {
      "precision": 0.7248322147651006,
      "recall": 0.6545454545454545,
      "f1-score": 0.6878980891719745,
      "support": 165.0
    },
    "3": {
      "precision": 0.7857142857142857,
      "recall": 0.6470588235294118,
      "f1-score": 0.7096774193548387,
      "support": 17.0
    },
    "4": {
      "precision": 0.5283842794759825,
      "recall": 0.7245508982035929,
      "f1-score": 0.6111111111111112,
      "support": 167.0
    },
    "5": {
      "precision": 0.9436170212765957,
      "recall": 0.8817097415506958,
      "f1-score": 0.9116135662898253,
      "support": 1006.0
    },
    "6": {
      "precision": 0.8695652173913043,
      "recall": 0.9090909090909091,
      "f1-score": 0.8888888888888888,
      "support": 22.0
    },
    "accuracy": 0.8283433133732535,
    "macro avg": {
      "precision": 0.7358895147787342,
      "recall": 0.7589025154280187,
      "f1-score": 0.7420230350718706,
      "support": 1503.0
    },
    "weighted avg": {
      "precision": 0.8466351829950941,
      "recall": 0.8283433133732535,
      "f1-score": 0.8341730270399756,
      "support": 1503.0
    }
  },
  "confusion_matrix": [
    [
      30,
      5,
      4,
      1,
      9,
      0,
      0
    ],
    [
      1,
      68,
      3,
      0,
      4,
      1,
      0
    ],
    [
      12,
      5,
      108,
      1,
      21,
      18,
      0
    ],
    [
      0,
      3,
      1,
      11,
      0,
      2,
      0
    ],
    [
      3,
      3,
      7,
      1,
      121,
      31,
      1
    ],
    [
      3,
      15,
      26,
      0,
      73,
      887,
      2
    ],
    [
      0,
      0,
      0,
      0,
      1,
      1,
      20
    ]
  ],
  "roc_auc_macro": 0.9579279182212233
}