{
  "accuracy": 0.9593333333333334,
  "macro_f1": 0.9597840726067635,
  "top3_accuracy": 0.9993333333333333,
  "n_samples": 1500
}